дата,раздел,позиция,кол-во,цена,сумма,магазин,примечание
07.2026,стойка ввода,Свая для трубостойки,1,2100,2100,,
21.09.2026,заземление,Материалы контура заземления (уголки 50×50 полоса крепёж),1,5000,5000,,контур смонтирован 21.09
22.09.2026,щит,Корпус ЩРН IP66 48 мод. (4×12) 155 мм,1,8600,8600,,
24.09.2026,стойка ввода,Расходники для трубостойки (краска валики свёрла отрезные круги),1,4200,4200,,
26.09.2026,стойка ввода,Светильник на трубостойку,1,1300,1300,,
26.09.2026,стойка ввода,Труба профильная и прочий металл + расходники,1,3200,3200,,
28.09.2026,провода и расходники,ПуГВ нг(А)-LS 1×6 комплект 5 цветов по 3 м,1,2604,2604,Ozon,
28.09.2026,провода и расходники,ПуГВ нг(А)-LS 1×2.5 комплект 5 цветов по 2 м,1,1251,1251,Ozon,
28.09.2026,провода и расходники,ПуГВ нг(А)-LS 1×1.5 комплект 5 цветов по 3 м,1,1098,1098,Ozon,
28.09.2026,щит,Шина PE EKF PROxima 8×12 латунь 24 отв.,1,664,664,Ozon,
28.09.2026,стойка ввода,Колпачок изолирующий КИ 16-150 для СИП,4,144,576,Ozon,
28.09.2026,провода и расходники,Смазка для клемм G-Power GP-211 210 мл,1,270,270,Ozon,
28.09.2026,провода и расходники,Термоусадка клеевая 12 мм чёрная 4:1,1,209,209,Ozon,
28.09.2026,щит,Ящик,1,8900,8900,,
28.09.2026,щит,УЗИП Citel DS134R тип 1+2 3P+N,1,9900,9900,ВсеИнструменты,
28.09.2026,щит,Автомат ABB S204 4P C25 (ввод),1,3919,3919,ВсеИнструменты,
28.09.2026,щит,Автомат ABB S201 1P C16,4,485,1940,ВсеИнструменты,Finder ×3 + наружная розетка
28.09.2026,щит,Автомат ABB S201 1P C20,1,576,576,ВсеИнструменты,
28.09.2026,щит,Автомат ABB SH201 1P C10,2,331,662,ВсеИнструменты,
28.09.2026,щит,Розетка наружная ЭРА IP65 2P+E 16 А,1,899,899,ВсеИнструменты,
28.09.2026,щит,Термостат SILART TBS-140,1,739,739,ВсеИнструменты,
28.09.2026,провода и расходники,ПуГВ 10 мм² жёлто-зелёный 5 м,1,1562,1562,ВсеИнструменты,PE: контур → шина
29.09.2026,щит,Дифавтомат Dekraft ДИФ-103 3P+N C40 30 мА тип A,1,2711,2711,ВсеИнструменты,
29.09.2026,щит,Нагреватель UNISPLIT 150 Вт 201F150,1,2344,2344,ВсеИнструменты,
29.09.2026,щит,Гребёнка 3-фазная ABB PS3/12 63 А,1,998,998,ВсеИнструменты,
29.09.2026,щит,Кросс-модуль Dekraft ШН-103 4×7 100 А 32017DEK,1,1207,1207,ВсеИнструменты,
29.09.2026,щит,Автомат ABB S201 1P C16,1,532,532,ВсеИнструменты,пятый C16 — запас
29.09.2026,стойка ввода,Зажим прокалывающий Ensto SLIP22.1R,4,321,1284,ВсеИнструменты,СИП → ВВГ 4×10
29.09.2026,стойка ввода,Анкерный зажим IEK ЗАБ 16-25,1,156,156,ВсеИнструменты,
29.09.2026,провода и расходники,Наконечник EZETEK ТМЛ 10 медь лужёная,3,54,162,ВсеИнструменты,
29.09.2026,щит,Кросс-модуль Dekraft ШН-103 4×7 100 А 32017DEK (второй заказ),1,1305,1305,ВсеИнструменты,⚠️ второй кросс-модуль — нужен один
